<?xml version="1.0" encoding="utf-8"?>
<feed xmlns="http://www.w3.org/2005/Atom" xmlns:rdf="http://www.w3.org/1999/02/22-rdf-syntax-ns#" xmlns:leap2="http://terms.leapspecs.org/" xmlns:categories="http://wiki.leapspecs.org/2A/categories" xmlns:portfolio="https://moodle.usj.edu.lb/portfolio/export/leap2a/739839/1682840276"><id>https://moodle.usj.edu.lb/portfolio/export/leap2a/739839/1682840276</id><title>Leap2A export from Moodle for Ralph Gerges</title><leap2:version>http://www.leapspecs.org/2010-07/2A/</leap2:version><generator uri="https://moodle.usj.edu.lb" version="2022041902">Moodle</generator><author><name>Ralph Gerges</name><email>ralph.gerges@net.usj.edu.lb</email><uri>https://moodle.usj.edu.lb/user/view.php?id=739839</uri></author><entry><id>portfolio:storedfile5102852</id><title>cardiovascular (1).ipynb</title><updated>2023-03-04T21:02:00+02:00</updated><published>2023-03-04T20:25:40+02:00</published><content/><rdf:type rdf:resource="leap2:resource"/><link rel="leap2:is_part_of" href="portfolio:assign135563submission_filesgroup"/><link rel="enclosure" href="files/cardiovascular (1).ipynb" length="1079693" type="text/html"/><category term="offline" scheme="categories:resource_type#"/></entry><entry><id>portfolio:storedfile5102854</id><title>Call with Samer and 1 other-20230304_185606-Meeting Recording.mp4</title><updated>2023-03-04T21:02:00+02:00</updated><published>2023-03-04T21:01:54+02:00</published><content/><rdf:type rdf:resource="leap2:resource"/><link rel="leap2:is_part_of" href="portfolio:assign135563submission_filesgroup"/><link rel="enclosure" href="files/Call with Samer and 1 other-20230304_185606-Meeting Recording.mp4" length="85226045" type="video/mp4"/><category term="offline" scheme="categories:resource_type#"/></entry><entry><id>portfolio:storedfile5137049</id><title>housing.ipynb</title><updated>2023-03-11T22:24:25+02:00</updated><published>2023-03-11T22:16:29+02:00</published><content/><rdf:type rdf:resource="leap2:resource"/><link rel="leap2:is_part_of" href="portfolio:assign135563submission_filesgroup"/><link rel="enclosure" href="files/housing.ipynb" length="1601843" type="text/plain"/><category term="offline" scheme="categories:resource_type#"/></entry><entry><id>portfolio:storedfile5137050</id><title>Call with Ralph and 1 other-20230311_215743-Meeting Recording.mp4</title><updated>2023-03-11T22:24:25+02:00</updated><published>2023-03-11T22:23:18+02:00</published><content/><rdf:type rdf:resource="leap2:resource"/><link rel="leap2:is_part_of" href="portfolio:assign135563submission_filesgroup"/><link rel="enclosure" href="files/Call with Ralph and 1 other-20230311_215743-Meeting Recording.mp4" length="47925453" type="video/mp4"/><category term="offline" scheme="categories:resource_type#"/></entry><entry><id>portfolio:assign135563submission_filesgroup</id><title>1. Assignment: ML Project - Iteration 1 - Classification and/or Regression</title><content/><rdf:type rdf:resource="leap2:selection"/><link rel="leap2:has_part" href="portfolio:storedfile5102852"/><link rel="leap2:has_part" href="portfolio:storedfile5102854"/><link rel="leap2:has_part" href="portfolio:storedfile5137049"/><link rel="leap2:has_part" href="portfolio:storedfile5137050"/><category term="Folder" scheme="categories:selection_type#"/></entry></feed>
